Код;Товар;Группа;Штук за 24 мес;Нет литража в названии;Нет коробкоместа (fBASEUNITQUANTITY)
7001;Բաժակ պլ. 170մլ հաստ պատ;;533930;;ДА
178;Մեկանգամյա օգտագործման  թղթե բաժակ  /180մլ;29;296410;;ДА
7000;Բաժակ պլ. 170մլ բարակ պատ;;281800;;ДА
157/2;Անձեռոցիկ AURA 180 x 140 մմ քառաշերտ 500 թերթ;037;129929;ДА;
2803;Գառնի կրիստալլայն 10լ;20;84300;;ДА
2901;Գառնի կրիստալլայն 19լ;20;62349;;ДА
167;Պատառաքաղ/մեկանգամյա օգտագործման;29;61150;ДА;
169;Փոքր գդալ/մեկանգամյա օգտագործման;29;59550;ДА;ДА
2902;19լ/ նոր օգտագործման տարայով;20;54196;;ДА
171;Պլաստմասե ափսե մեծ;29;46250;ДА;ДА
170;Մեծ գդալ/մեկանգամյա օգտագործման;29;32300;ДА;ДА
074/62;Շաքարավազ Lavazza;25;21900;ДА;ДА
179;Մեկանգամյա օգտագործման  թղթե բաժակ /100մլ;29;20400;;ДА
166/1;Մեկանգամյա օգտագործման  թղթե բաժակ /300մլ;29;19850;;ДА
485;Շաքարավազ Lizar 4գ․սպիտակ/100հատ;;17100;ДА;ДА
168;Դանակ/մեկանգամյա օգտագործման;29;14400;ДА;
157/3;Անձեռոցիկ AURA  քառաշերտ 500 թերթ վարդագույն;037;14105;ДА;
404;Միանգ․ օգտ․ թղթե բաժակ 350 մլ;041;8850;;ДА
313/3;Սուրճ լուծվող խոշոր GOLD Ipnosi;;7000;ДА;ДА
086;Երկշերտ դիսպենսերի թղթե սրբիչ /200հատ Silksoft;27;3911;ДА;ДА
1122;Միքս/կոլա, նարինջ,Մուլտի;101;2814;ДА;
189;ԼԵԴ լամպ 12w 4000K/նետրալ;033;2703;ДА;ДА
4002;Ապակե շիշ նոր;;2559;ДА;ДА
190;ԼԵԴ լամպ 15w 4000K/նետրալ;033;2226;ДА;ДА
313/4;Սուրճ լուծվող խոշոր;;2000;ДА;ДА
191;ԼԵԴ լամպ 18w 4000K/նետրալ;033;1604;ДА;ДА
187;ԼԵԴ լամպ 10w մոմ 4000K/նետրալ;033;1385;ДА;ДА
317;ԼԵԴ լամպ 15w 6500K/սպիտակ;033;1283;ДА;ДА
318;ԼԵԴ լամպ 18w 6500K/սպիտակ;033;1177;ДА;ДА
110;Soft Papyrus /եռաշերտ խոհանոցային թղթե սրբիչ 2հատ;28;1098;ДА;ДА
188;ԼԵԴ լամպ 10w մոմ 4000K մոմաձև/ հաստ;033;1023;ДА;ДА
076;60 լ աղբի տոպրակ/20 հատ/Silksoft;27;990;ДА;ДА
157/4;Անձեռոցիկ AURA  քառաշերտ 1500 թերթ կապույտ;037;959;ДА;
311;ԼԵԴ լամպ 10w մոմ 6500K/սպիտակ;033;952;ДА;ДА
315;ԼԵԴ լամպ 12w 6500K/սպիտակ;033;909;ДА;ДА
308;լեդ լամպ 10w (կլոր) 4000K/ՆԻՏՐԱԼ;033;865;ДА;ДА
316;ԼԵԴ լամպ 12w 2700K/դեղին;033;845;ДА;ДА
213;Թուղթ A4 ֆորմատ снегурочка;035;805;ДА;ДА
092;Ունիվերսալ խոնավ անձեռոցիկ կապարիչով/72 հատ Silk Soft;27;794;ДА;ДА
4003;Պոլիմերային տարա 20լ;;733;;ДА
5209;Մամուխի կոմպոտ 1000գր;30;702;ДА;ДА
3203;Ընկույզի մուրաբա 440գր;30;683;ДА;ДА
313;ԼԵԴ լամպ 10w մոմ 6500K մոմաձև/հաստ;033;679;ДА;ДА
5207;Բալի կոմպոտ 1000գր;30;552;ДА;ДА
5202;Ազնվամորու կոմպոտ 1000գր;30;552;ДА;ДА
312;ԼԵԴ լամպ 10w մոմ 2700K/դեղին;033;536;ДА;ДА
5205;Սերկևիլի կոմպոտ 1000գր;30;522;ДА;ДА
309;ԼԵԴ լամպ 10w (կլոր) 2700K/ԴԵՂԻՆ;033;476;ДА;ДА
211;Nescafe classic 3in1 N20;23;451;ДА;ДА
9008;դիսպենսերի վարձակալություն;;448;ДА;ДА
328/1;Արագակար ստվարաթղթից A4 ;035;400;ДА;ДА
025;Royal Armenia Arabika & Robusta /հատիկավոր սուրճ 1000գ;21;389;ДА;ДА
251;Մաքրության լաթ  (5 հատ);104;366;ДА;ДА
091;Հակաբակտերիալ խոնավ անձեռոցիկ կապարիչով/60հատ Silksoft;27;362;ДА;ДА
250;Մաքրության լաթ կախիչով (5 հատ);104;359;ДА;ДА
314;ԼԵԴ լամպ 10w մոմ 2700K մոմաձև;033;351;ДА;ДА
186;Զուգարանի թուղթ Սիլկ Սոֆթ 3շ(32հատ);27;334;ДА;ДА
5201;Դեղձի կոմպոտ 1000գր;30;332;ДА;ДА
021;Royal Armenia Brasilla/ Կարմիր աղացած սուրճ;21;322;ДА;ДА
310;լեդ լամպ 10w (կլոր) 6500K/ՍՊԻՏԱԿ;033;308;ДА;ДА
171/1;Պլաստմասե ափսե միջին;29;300;ДА;ДА
132;Գրիչ Dolphin;035;293;ДА;ДА
5208;Ֆեյխուայի կոմպոտ 1000գր;30;285;ДА;ДА
3201;Ծիրանի ջեմ 440գր;30;245;ДА;ДА
157/7;Զուգարանի թուղթ 65մ․48հ;;241;ДА;ДА
193;ԼԵԴ լամպ 60w 4000K;033;235;ДА;ДА
077;120 լ աղբի տոպրակ/10 հատ Silk Soft;27;230;ДА;ДА
3402;Իմամ բայալդի տապակած բանջարեղեն տոմատի սոուսում 470գր;30;220;ДА;ДА
5204;Հոնի կոմպոտ 1000գր;30;216;ДА;ДА
3101;Աջիկա բանջարեղենային սոուսում 370գր;30;213;ДА;ДА
023;Royal Armenia /Կապույտ աղացած սուրճ;21;211;ДА;ДА
075;30 լ աղբի տոպրակ/30հատSilksoft;27;211;ДА;ДА
209;Nescafe 3in1 strong N20;23;201;ДА;ДА
171/2;Պլաստմասե ափսե փոքր;29;200;ДА;
3906;Ախորժակ կծու պղպեղ տոմոտի սոուսում 700գր;30;186;ДА;ДА
180;Սպունգ սպասք լվանալու համար /հաստ B16100;25;179;ДА;ДА
093;Ունիվերսալ խոնավ անձեռոցիկ կապարիչով/120 հատ Silksoft;27;179;ДА;ДА
192;ԼԵԴ լամպ 50w 4000K;033;177;ДА;ДА
007;Կանաչ թեյ ծրարիկով/Flying Dragon;034;142;ДА;ДА
002;Սև թեյ ծրարիկով/  Golden Ceylon;034;127;ДА;ДА
009;Կանաչ թեյ ծրարիկով/Green Melissa;034;123;ДА;ДА
3904;Վարունգ մարինացված 700գր;30;119;ДА;ДА
5206;Մոշի կոմպոտ 1000գր;30;116;ДА;ДА
001;Սև թեյ ծրարիկով/ Classic Breakfast;034;115;ДА;ДА
212;Nescafe mild 3in1 N20;23;107;ДА;ДА
158;Դակիչ ասեղ kangaro N10;035;105;ДА;ДА
3907;Բանջարեղենային խորոված 700գր;30;102;ДА;ДА
159;Դակիչ ասեղ kangaro N24/6;035;100;ДА;ДА
006;Բուսական թեյ ծրարիկով/Summer Bouquet;034;97;ДА;ДА
3401;Թզի մուրաբա 470գր;30;94;ДА;ДА
084;Եռաշերտ զուգարանի թուղթ/12 հատ Silk soft;27;88;ДА;ДА
003;Սև թեյ ծրարիկով/Eari Grey Fantasy;034;87;ДА;ДА
461;K218 Սպասք լվանալու սպունգ պաշտպանիչ քերիչով 72.8*50.8*41.8;043;79;ДА;ДА
083;Եռաշերտ խոհանոցային թղթե սրբիչ /2 հատ SilkSoft պռեմիւմ;27;78;ДА;ДА
004;Սև թեյ ծրարիկով/Christmas Mystety;034;77;ДА;ДА
137;Գրիչ Gigisspectrum 0.7mm;035;77;ДА;ДА
382;ԼԵԴ լամպ 7 w 4000K;;73;ДА;ДА
177; ֆայլ /50 միկռոն;035;73;ДА;ДА
3310;Տոմատի հյութ;30;73;ДА;ДА
202;Փրփուր օճառ   NOVITEX 500ML;041;72;ДА;ДА
3102;Սմբուկի խավիար 370գր;30;66;ДА;
181/1;Հատակ մաքրող շոր /50*100/ սպիտակ;;66;ДА;ДА
383;ԼԵԴ լամպ 7 w 6500K;;63;ДА;ДА
389;Հդմ թուղթ թերմո 57 մմ x 15 մետր;;60;ДА;ДА
3403;Սմբուկի խավիար 470գր;30;58;ДА;
090;Ապակու և հայելու համար թավշյա միկրոֆիբրե լաթ/30*30սմ Silk soft;27;58;ДА;ДА
041;Փարիզյան սուրճ N 5/ Աղացած սուրճ 250 գր;22;56;ДА;ДА
097;Soft Papyrus Facial tissues/ երկշերտ անձեռոցիկ 220 թերթ;28;56;ДА;ДА
328/3;Թղթապանակ Ռեգիստր A4 գունավոր;035;53;ДА;ДА
7002;Բաժակակալ դիսպենսերի;;53;ДА;ДА
313/1;ԼԵԴ լամպ 10w մոմ 6500K մոմաձև/բարակ;033;52;ДА;ДА
098;Soft Papyrus Facial tissues/ եռաշերտ անձեռոցիկ 110 թերթ;28;51;ДА;ДА
188/1;ԼԵԴ լամպ 10w մոմ 4000K մոմաձև/ բարակ;033;50;ДА;ДА
115/4;Թուղթ A4 CopiMax;035;48;ДА;ДА
3204;Ծիրանի մուրաբա 440գր;30;48;ДА;ДА
200;Զուգարանի թուղթ Soft Papyrus առանց գլանակ;27;48;ДА;ДА
3103;Սմբուկի խավիար կծու 470գր;30;48;ДА;ДА
131;Գրիչ Cello Finegrip;035;47;ДА;ДА
4002/1;Ապակե շիշ նոր/կոլա;;45;ДА;ДА
027;Royal Armenia Brasilla / կանաչ աղացած սուրճ;21;43;ДА;ДА
1127;Սանհանգույց մաքրող ունիվերսալ Նովտեքս 4լ;041;40;;ДА
1128/1;Սպիտակեցնող միջոց NOVITEX (ժավել) 1լ;041;40;;ДА
3900;Խաղողի տերև 720մլ;30;38;;ДА
1129;Ապակի լվալու հեղուկ Նովտեքս 500մլ;041;37;;ДА
208;Nescafe cappuccino N18;23;37;ДА;ДА
4051;Պոլիէթիլենային արկղ;;36;ДА;ДА
3908;Լեչո կտրտած պղպեղ տոմատ սոուսում 700գր;30;36;ДА;ДА
183;Սպասք լվանալու սպունգ (jahir)/սպիրալով;25;34;ДА;ДА
040;Փարիզյան սուրճ N 5/ Աղացած սուրճ 100գր;22;34;ДА;ДА
088;Ունիվերսալ նախշերով միկրոֆիբրե լաթ /30*30 սմ Silk Soft;27;34;ДА;ДА
074/5;Ձեռնոց սինթեթիկ  կապույտ/M;;33;ДА;ДА
385;Հատակ մաքրող հեղուկ ջին/750մլ;;33;;ДА
433;Վաֆլի կիտրոնի համով  300 գր;040;32;ДА;ДА
024;Royal Armenia Classic /Աղացած սուրճ;21;31;ДА;ДА
116/1;Մարկեր գրատախտակի OfficeSpace սև 2,5mm WBM;035;30;ДА;ДА
1128;Ժավել Նովտեքս 4լ;041;29;;ДА
063/4;Հեղուկ օճառ ծովային/հրաշք  300մլ;26;29;;ДА
074/4;Ձեռնոց սինթեթիկ  կապույտ/L;;28;ДА;ДА
087;Ունիվերսալ մարգարիտ միկրոֆիբրե լաթ /30*30 սմ Silk Soft;27;27;ДА;ДА
046;Nescafe Gold/ Լուծվող սուրճ 190գր;23;26;ДА;ДА
3207;Ելակի մուրաբա 440գր;30;26;ДА;ДА
067;Ապակի մաքրող միջոց /Միստր Ջին 550լ;26;26;ДА;ДА
108;Soft Papyrus /անձեռոցիկ 100 հատ;28;26;ДА;ДА
059/3;Սպասք լվանալու հեղուկ NOVITEX 1 լ;041;26;;ДА
042;Փարիզյան սուրճ N 10/ փաթեթավորված սուրճ 250 գր;22;25;ДА;ДА
400;Վաֆլի  շոկոլադակաթնային  300 գր;040;24;ДА;ДА
063/3;Հեղուկ օճառ ծաղկային հրաշք  300մլ;26;24;;ДА
464;K222 Սպասք լվանալու սպունգ եռաշերտ 72.8*50.8*41.8;043;24;ДА;ДА
468;Active Հեղուկ ձեռքի օճառ 450 գրամ (pink);;23;ДА;ДА
434;Վաֆլի պնդուկի համով  300 գր;040;23;ДА;ДА
157/6;Ռախշա մաքրող միջոց  500*20հատ;;22;ДА;ДА
089;Ունիվերսալ երկկողմանի միկրոֆիբրե լաթ /30*30 սմ Silk Soft;27;22;ДА;ДА
3701;Թզի ջեմ 500գր;30;21;ДА;ДА
450;Ջրի էլեկտրական  մինի պոմպ;;21;ДА;ДА
216;Սպասք լվանալու հեղուկ ցիտր. (Ֆրոշ) 1000 մլ;25;20;;ДА
074/6;ՀԴՄ թուղթ /56*10 փոքր;;20;ДА;ДА
307;Լեդ լույս 36w քառակուսի պանել 4000K;033;20;ДА;ДА
104;Soft Papyrus /Երկշերտ անձեռոցիկ 150 թերթ;28;20;ДА;ДА
328/2;Թղթապանակ Ռեգիստր 8սմ Alba Rado ;035;20;ДА;ДА
203;A4 Թուղթ սնեգուրչկա;;19;ДА;ДА
062/4;Հեղուկ օճառ ծովային/ Միստր Ջին  5լ;26;19;;ДА
109;Soft Papyrus /եռաշերտ զուգարանի թուղթ 4հատ;28;19;ДА;ДА
060/1;Հեղուկ օճառելակ լիմոն/ Միստր Ջին  300մլ;26;19;;ДА
472;Թեյ Լիպտոն 32 x ( 25 x 2 գր);;19;ДА;ДА
047;Nescafe Gold/ Լուծվող սուրճ 95գր;23;19;ДА;ДА
444;Կրիսպի (Crispy) թխվ նարնջով 130 գր;040;18;ДА;ДА
445;Կրիսպի (Crispy) թխվ կակաոյով 130 գր;040;18;ДА;ДА
401;Վաֆլի  կաթնային  300 գր;040;18;ДА;ДА
101/1;Soft Papyrus զուգարանի թուղթ 6 հատ;28;18;ДА;ДА
469;Active Հեղուկ ձեռքի օճառ 450 գրամ (blue);;17;ДА;ДА
155;Միկրոն ֆայլ /OfficeSpace;035;17;ДА;ДА
313/5;Սուրճի խառնիչ փայտից 11 սմ (500 հատ);;16;ДА;ДА
106;Soft Papyrus Space /եռաշերտ անձեռոցիկ 70 թերթ;28;16;ДА;ДА
329;Նշումի թուղթ СТАММ 9*9*9 գունավոր;;16;ДА;ДА
027/5;Թղթյա սրբիչ Z 22-200 դիսպենսերի;;15;ДА;ДА
063/2;Հեղուկ օճառ ելակ/ հրաշք  300մլ;26;15;;ДА
302/1;Լեդ լույս 24w կլոր պանել արտաքին4000К;033;15;ДА;ДА
440;Քաղցրաբլիթ Պրյանիկ կիտրոնով 250 գ;040;15;ДА;ДА
302;Լեդ լույս 24w կլոր պանել 4000K;033;15;ДА;ДА
027/2;Սուրճ L.Oro հատիկավոր;;15;ДА;ДА
16973;Աղբաման գրասենյակային միջին d26սմ, h28սմ;;15;ДА;ДА
443;Թխվածքաբլիթ Մինի կակաոյով 120 գ;040;14;ДА;ДА
027/1;Սուրճ L.Crema e Aroma 1կգ հատիկավոր (LavAzza);;14;ДА;ДА
435;Վաֆլի  շոկոլադային  180 գր;040;14;ДА;ДА
101;Soft Papyrus Facial tissues/ երկշերտ անձեռոցիկ փոքր 260 թերթ;28;14;ДА;ДА
060/2;Հեղուկ օճառելակ խնձոր/ Միստր Ջին  300մլ;26;13;;ДА
055;Սպասք լվանալու ֆռոշ, կանաչ կիտրոն /500մլ;25;13;;ДА
386;Սպասք լվանալու հեղուկ / լիմոն չուդա 900մլ;;13;;ДА
3301;Հոնի մուրաբա 450գր;30;13;ДА;ДА
122;Նշումի թուղթ 2heng Hao 4*3/100մմ դեղին;035;13;ДА;ДА
060/3;Հեղուկ օճառելակ ծաղկային/ Միստր Ջին  300մլ;26;13;;ДА
446;Կրիսպի (Crispy) թխվ 130 գր;040;12;ДА;ДА
388;Ժավել Ջին/5.5կգ;;12;ДА;ДА
141/1;Սկոչ մեծ OfficeSpace 48մմ*100մ, 45մկմ;035;12;ДА;ДА
313/2;Տոպրակ պոլիէթ մեկանգամյա օգտագործման (60 հատ);;12;ДА;ДА
501;Աղ մանր ՈՍԿԵ ՀԱՍԿ 1կգ;;12;ДА;ДА
16557;Գրի գել Deli 0.5 կապույտ  EG65-BL;035;12;ДА;ДА
416;Թխվածքաբլիթ վարսակի չամիչով 300 գ;040;12;ДА;ДА
495;Segafredo Հատիկավոր սուրճ Selezione Crema 1կգ;;12;ДА;ДА
136;Գրիչ ռետինով;035;12;ДА;ДА
051;Vileda սպունգանման լաթեր 3հատ;25;12;ДА;ДА
3601;Գազարով տաքդեղ տոմոտի սոուսում 490գր;30;12;ДА;ДА
030;Royal Armenia Strong / լուծվող սուրճ 20հատ;21;12;ДА;ДА
8001;Մրգային օղի Վայրի տանձ;50;12;ДА;
065;Օդի թարմացուցիչ  ծաղկային/Միստր Ջին 430մլ;26;11;;ДА
417;Վաֆլի  շոկոլադային  300 գր;040;11;ДА;ДА
066;Ժավել /Միստր Ջին 1.1կգ;26;11;ДА;ДА
395;Աղի ձողիկ 35գ;040;11;ДА;ДА
116/2;Մարկեր գրատախտակի OfficeSpace կապույտ 2,5mm WBM;035;11;ДА;ДА
074/11;Ձեռնոց սինթետիկ սև M (100 հատ);26;11;ДА;ДА
441;Քաղցրաբլիթ Պրյանիկ կակաոյով 250 գ;040;10;ДА;ДА
048;Nescafe Classic Zip/ Լուծվող սուրճ 500գ;23;10;ДА;ДА
16556;Գրիչ գնդիկ ավտ Deli SCRIVIN 0.5 կապույտ EQ 105-BL;035;10;ДА;ДА
059;Սպասք լվանալու հեղուկ լիմոն/ Միստր Ջին  900մլ;26;10;;ДА
050;Nescafe Classic Zip/ Լուծվող սուրճ 320գ;23;10;ДА;ДА
060;Հեղուկ օճառելակ ելակ Միստր Ջին  300մլ;26;10;;ДА
045;Nescafe Classic Arabika 85գր;23;10;ДА;ДА
028;Timeoff/կանաչ լուծվող սուրճ 100գր;21;10;ДА;ДА
201;Նոթատետր A5 SinArLine առանձնացվող էջերով;035;10;ДА;ДА
116;Մարկեր գրատախտակի;035;10;ДА;ДА
074/8;Ձեռնոց սինթետիկ սև L (100 հատ);26;10;ДА;ДА
060/5;Հեղուկ օճառելակ տրոպիկական/ Միստր Ջին  300մլ;26;10;;ДА
062/3;Հեղուկ օճառ ծաղկային/ Միստր Ջին  5լ;26;9;;ДА
029;Timeoff/կապույտ լուծվող սուրճ 100գր;21;9;ДА;ДА
059/1;Սպասք լվանալու հեղուկ  խնձոր/ Միստր Ջին  900մլ;26;9;;ДА
16691;Շոկոլադե կոնֆետներ գլազուրապատ արմավի միջուկով (սև) EYVAN 150 գրամ;;9;ДА;ДА
16693;Շոկոլադե կոնֆետներ գլազուրապատ արմավի միջուկով (կաթնային) EYVAN 250 գրամ;;9;ДА;ДА
16695;Շոկոլադե կոնֆետներ գլազուրապատ արմավի միջուկով (սուրճի համով) EYVAN 250 գրամ;;8;ДА;ДА
113;Մարկեր գրատախտակի Կարմիր/  Office space 3մմ;035;8;ДА;ДА
16690;Շոկոլադե կոնֆետներ գլազուրապատ արմավի միջուկով (կաթնային) EYVAN 150 գրամ;;8;ДА;ДА
150;Բլոկնոտ SinArline /Libra A4 տողանի;035;8;ДА;ДА
160;A4 Կոճակով թղթապանակ;035;8;ДА;ДА
058/1;Սպասք լվանալու հեղուկ  խնձոր / Միստր Ջին 500մլ;26;8;;ДА
3325;Լոլիկի հյութ;;8;ДА;ДА
060/4;Հեղուկ օճառելակ ծովային/ Միստր Ջին  300մլ;26;8;;ДА
114;Թուղթ A4 Double A;035;7;ДА;ДА
061/4;Հեղուկ օճառ ծովային/ Միստր Ջին  500մլ;26;7;;ДА
061/3;Հեղուկ օճառ ծաղկային/ Միստր Ջին  500մլ;26;7;;ДА
032;Royal Armenia Classic/ լուծվող սուրճ 20հատ;21;7;ДА;ДА
442;Թխվածքաբլիթ Մինի 120 գ;040;7;ДА;ДА
16156;Սուրճ աղացած Ջամբո;;7;ДА;ДА
387;Օդի թարմացուցիչ UNIPACK ծովային թարմություն;;7;ДА;ДА
301;Լեդ լույս 18w կլոր պանել 4000K;033;6;ДА;ДА
477;Պահածոյացված ոլոռ TOP SUN 400 գ․;;6;ДА;ДА
478;Պահածոյացված ոլոռ TOP SUN 700 գ․;;6;ДА;ДА
514;Բլղուր ՈՍԿԵ ՀԱՍԿ 800գր;;6;ДА;ДА
16498;ֆոտոթուղթ JOJO 2 երես glossy 200գ A4 20թ;035;6;ДА;ДА
3200;Ֆեյխուայի ջեմ 440գր;30;6;ДА;ДА
3206;Ազնվամորու մուրաբա 440գր;30;6;ДА;ДА
479;Եգիպտացորեն TOP SUN 425 գ․;;6;ДА;ДА
463;K221 Չանգոտող մետաղալարե սպունգ սպասքի 20գ 2 հատ 72.8*50.8*41.8;043;6;ДА;ДА
3211/1;Սերկևիլի մուրաբա 440գր;30;6;ДА;ДА
476;Մարինացված վարունգ TOP SUN 680 գ․ x 12 (1-4 սմ);;6;ДА;ДА
016;Սև թեյ բրգաձև ծրարիկով/ Tess Pleasure;034;6;ДА;ДА
057;Frosch  Ունիվերսալ մաքրող միջոց /1լ;25;6;;ДА
100;Soft Papyrus Facial tissues/ եռաշերտ անձեռոցիկ 260 թերթ մեծ;28;6;ДА;ДА
3208;Մոշի մուրաբա 440գր;30;6;ДА;ДА
5101;Սմբուկ խորոված պահածոյացված 890գր ա/տ;30;6;ДА;ДА
063;Հեղուկ օճառ ծաղկային Հրաշք 5լ;26;6;;ДА
3211;Սերկևիլի մուրաբա;30;6;ДА;ДА
078;Երկշերտ անձեռոցիկ/150 թերթSilkSoft;27;6;ДА;ДА
081;Երկշերտ անձեռոցիկ/200 թերթ Silk soft;27;6;ДА;ДА
3902;Սինդրիկ մարինացված 700գր;30;6;ДА;ДА
123;Մկրատ;035;5;ДА;ДА
129;Գրատախտակի սպունգ;035;5;ДА;ДА
185;Սպունգ սպասք լվանալու/էժան;29;5;ДА;ДА
058;Սպասք լվանալու հեղուկ  լիմոն / Միստր Ջին 500մլ;26;5;;ДА
031;Royal Armenia Light / լուծվող սուրճ 20հատ;21;5;ДА;ДА
107;Soft Papyrus Deluxe /եռաշերտ անձեռոցիկ 100 թերթ;28;5;ДА;ДА
152;Ֆոտոթուղթ ինքնակպչունA4 135գր 50հատ;035;5;ДА;ДА
157;Դակիչ մեծ Libra N 24/6;035;5;ДА;ДА
058/2;Սպասք լվանալու հեղուկ նարինջ/ Միստր Ջին 500մլ;26;5;;ДА
321;ԼԵԴլույս 60w քառակուսի պանել 4000k;033;5;ДА;ДА
022;Royal Armenia Charm/Մանուշակագույն աղացած սուրճ;21;5;ДА;ДА
062/5;Հեղուկ օճառ տրոպիկական/ Միստր Ջին  5լ;26;5;;ДА
126;Սոսինձ Չոր Fantastik;035;5;ДА;ДА
127;Պլաստմասե քանոն 20սմ բռնակով;035;5;ДА;ДА
099;Soft Papyrus Facial / երկշերտ անձեռոցիկ 220 թերթ;28;5;ДА;ДА
082;Եռաշերտ խոհանոցային թղթե սրբիչ /30մ Silk soft;27;5;ДА;ДА
475;Արևածաղիկի ձեթ Իդեալ 1 լիտր;;5;;ДА
305;Լեդ լույս 18w քառակուսի պանել 4000K;033;5;ДА;ДА
156/1;Կարիչ N10 Kangaro hd-10;;5;ДА;ДА
035/1; Boochino Cappycchino Classic/ Լուծվող սուրճ 20հատ;21;5;ДА;ДА
017;Կանաչ թեյ  ծրարիկով/ Tess Flirt;034;5;ДА;ДА
005;Սև թեյ ծրարիկով/Spring Melody;034;5;ДА;ДА
085;Եռաշերտ զուգարանի թուղթ/4 հատ Silk Soft;27;5;ДА;ДА
112;Սկրեպ 33մմ YIDE/COSMIK 1*10/500;035;5;ДА;ДА
063/5;Հեղուկ օճառ ծովային/հրաշք 5լ;26;5;;ДА
163391;Active Հեղուկ ձեռքի օճառ 450 գրամ (violet);;5;ДА;ДА
16270;Ուրցի թեյ 37,5 գր;;5;ДА;ДА
16272;Նանաի թեյ 37,5 գր;;5;ДА;ДА
16271;Դաղձի Թեյ 37,5 գր;;5;ДА;ДА
16273;Լեռնային փունջ թեյ 37,5 գր;;5;ДА;ДА
399;Վաֆլե գլանակ պնդուկի համով միջուկով 130 գր;040;5;ДА;ДА
16274;Ուրց, Նանա, մոշի տերև  թեյ 37,5 գր;;5;ДА;ДА
402;Վաֆլե գլանակ շոկոլադային միջուկով 130 գր;040;5;ДА;ДА
496;Segafredo Հատիկավոր սուրճ Extra Mild 1կգ;;4;ДА;ДА
397;Քաղցր ձողիկներ բանանի 80գ;040;4;ДА;ДА
465;Գազօջախ մաքրող սփրեյ Ջին/450 մլ;043;4;;ДА
140;Սկոտչ փոքր 12մմ*30;035;4;ДА;ДА
095;Մանկական խոնավ անձեռոցիկներ կափարիչով /100հատ Silk Soft;27;4;ДА;ДА
135;Մատիտ սև Bic Evolution HB;035;4;ДА;ДА
008;Բուսական թեյ ծրարիկով/Rich Camomile;034;4;ДА;ДА
068;Ձեռքի սփրեյ ախտահանիչ /Միստր Ջին 450մլ;26;4;;ДА
151;Բլոկնոտ SinArline /Libra A4 վանդակավոր;035;4;ДА;ДА
066/1;Սանհանգույցը մաքրող միջոց Միստր ջին 750մլ;26;4;;ДА
9003;Ջրի դիսպենսեր/Բեռգ/;;4;ДА;ДА
205;Նոթատետր A4 SinArLine առանձնացվող էջերով;035;4;ДА;ДА
164;Բլոկնոտ A5 կաշվե/Notebook;035;4;ДА;ДА
120;Զաժիմ OfficeSpace 41մմ 12հատ;035;3;ДА;ДА
138;Գումարի ռեզին Flamingo 200 գր;035;3;ДА;ДА
146;Շտրիխ վրձին RETYPE 20մլ;035;3;;ДА
147;Սրիչ Dolphin;035;3;ДА;ДА
415;Թխվածքաբլիթ վարսակի 300 գ;040;3;ДА;ДА
154;Բլոկնոտ Fis/Libra A4 կապույտ վանդակավոր;035;3;ДА;ДА
036; Boochino Cappycchino chokolad/ Տաք շոկոլադ 10 հատ;21;3;ДА;ДА
304;Լեդ լույս 12w քառակուսի պանել 4000K;033;3;ДА;ДА
149;Բլոկնոտ SinArline A5 տողանի;035;3;ДА;ДА
134;Գրիչ Cello Finegrip mix կարմիր;035;3;ДА;ДА
176;Մարկեր/6հատ;035;3;ДА;ДА
9005;Ջրի դիսպենսեր/Վիկաս/;;3;ДА;ДА
119;Զաժիմ OfficeSpace 25մմ 12հատ;035;3;ДА;ДА
015;Սև թեյ բրգաձև ծրարիկով/ Tess Caramel Charm;034;3;ДА;ДА
184;Սպասքի սպիրալ;29;3;ДА;ДА
16919;Ռետինե Ձեռնոց M;;3;ДА;ДА
16972;Աղբաման մետաղական ոտնակով 8լ;;3;;ДА
8002;Մրգային օղի խաղող;50;3;ДА;
16694;Շոկոլադե կոնֆետներ գլազուրապատ արմավի միջուկով (սև) EYVAN 250 գրամ;;3;ДА;ДА
16709;Վաֆլե գլանակ վանիլային միջուկով 130 գր;;3;ДА;ДА
16369;Սանհանգույց մաքրող միջոց Domestos Ultra White 1500 մլ;;3;;ДА
066/2;Մաքրող և սպիտակեցնող միջոց - ժավել գել Ջին/1լ;26;2;;ДА
16497;Լամինացիոն թաղանթ Deli A4 100mic ET 174;035;2;ДА;ДА
500;Խոշոր Աղ Բարձր Տեսակի ՈՍԿԵ ՀԱՍԿ 1կգ;;2;ДА;ДА
303;Լեդ լույս 36w կլոր պանել 4000K;033;2;ДА;ДА
418;Արևելյան քաղցրավենիք LORAN 150 գ;040;2;ДА;ДА
16692;Շոկոլադե կոնֆետներ գլազուրապատ արմավի միջուկով (սուրճի համով) EYVAN 150 գրամ;;2;ДА;ДА
16569;մկրատ Deli 16սմE 6034;035;2;ДА;ДА
455;Սպասք լվանալու հեղուկ Խնձոր Հրաշք Փայլ 500 մլ;043;2;;ДА
481;Ձիթապտուղ կանաչ անկորիզ TOP SUN 350 գ․;;2;ДА;ДА
068/1;Ապակի լվանալու հեղուկ  (Ֆրոշ) 500 մլ;;2;;ДА
398;Քաղցր ձողիկներ կիտրոնի 80գ;040;2;ДА;ДА
405;Ավել Գոգաթիակ բարձր հետնամասով;041;2;ДА;ДА
020;Սև թեյ  ծրարիկով/ Tess Eari Grey;034;2;ДА;ДА
198;Ստեպլեր լիբրա N24/6-45 M;035;2;ДА;ДА
447;Հատակ մաքրող հեղուկ Հոռեկա 5 լիտր;043;2;;ДА
458;Սպասք լվանալու հեղուկ Խնձոր Ջին 5 լիտր;043;2;;ДА
16198;Սուրճ հատիկավոր Passione Coffee Mix;;2;ДА;ДА
027/3;Թուղթ A3 ֆորմատ 80գ SNEGUROCHKA  500թ;035;2;ДА;ДА
460;K172 Լվացման մեծ սպունգ 72.8*50.8*41.8;043;2;ДА;ДА
467;Ժավել Հրաշք Փայլ 5 լիտր;043;2;;ДА
010;Կանաչ թեյ բրգաձև ծրարիկով/ Tess Giger Mojito;034;2;ДА;ДА
034; Boochino Cappycchino Caramel/ Լուծվող սուրճ 10հատ;21;2;ДА;ДА
3202;Դեղձի ջեմ 440գր;30;2;ДА;ДА
143;Էջանիշ կպչուն officeSpace 50*12մմ 4գ;035;2;ДА;ДА
064/1;Հեղուկ օճառ սպիտակ/ Հոռեկա  5լ;26;2;;ДА
210;Nescafe late N20;23;2;ДА;ДА
249;Հաշվիչ CDB1401-BK Eleven 14 նիշ CDB 1401-BK;035;2;ДА;ДА
3205;Կեռասի մուրաբա 440գր;30;2;ДА;ДА
064;Հեղուկ օճառ ծովային/ Հոռեկա  5լ;26;2;;ДА
3501;Դեղձի մուրաբա 480գր;30;2;ДА;ДА
039;Royal Armenia/Դեղձի սառը թեյ 20 հատ;21;2;ДА;ДА
426;Լոխում գետնանուշով 225 գր;040;2;ДА;ДА
1130;Հեղուկ օճառ Նովտեքս 500մլ;041;2;;ДА
162;Բլոկնոտ գրիչով A5 կաշվե;035;2;ДА;ДА
130;Սոսինձ չոր Office 21գր;035;2;ДА;ДА
062/1;Հեղուկ օճառ ելակ/ Միստր Ջին  5լ;26;2;;ДА
174;Նշումի թուղթ OfficeSpace 75*75մմ 400թ. 54125 1x144 314717;035;2;ДА;ДА
163;Բլոկնոտ A5 կաշվե/Concise;035;1;ДА;ДА
072;Ձեռնոց մեկանգամյան օգտագործման SNH-Վինիլ L/100հատ;26;1;ДА;ДА
096;Soft Papyrus Facial tissues/ երկշերտ անձեռոցիկ 150 թերթ;28;1;ДА;ДА
156;Դակիչ փոքր Libra N 10;035;1;ДА;ДА
072/1;Ձեռնոց մեկանգամյան օգտագործման SNH-Վինիլ M100հատ;26;1;ДА;ДА
252;Սկոչ Dolphin 19mm 36y(192);035;1;ДА;ДА
324;ԼԵԴլույս 105w քառակուսի պանել 6500k;033;1;ДА;ДА
300;Լեդ լույս 12w կլոր պանել 4000K;033;1;ДА;ДА
063/1;Հեղուկ օճառ սպիտակ/ Հրաշք  5լ;26;1;;ДА
124;Կնոպկա մեխ գունավոր/50հատ;035;1;ДА;ДА
306;Լեդ լույս 24w քառակուսի պանել 4000K;033;1;ДА;ДА
248;Հաշվիչ KENKO KK- 8875-12;035;1;ДА;ДА
323;ԼԵԴլույս 105w քառակուսի պանել 4000k;033;1;ДА;ДА
049;Nescafe Classic Arabika 320գր;23;1;ДА;ДА
141;Սկոտչ մեծ 4.5մմ*30;035;1;ДА;ДА
063/7;Հեղուկ օճառ լիմոն/հրաշք 5լ;26;1;;ДА
459;Սպասք լվանալու հեղուկ Նարինջ Ջին 5 լիտր;043;1;;ДА
166/4;Սուրճ L.Oro 500գ. հատիկավոր;;1;ДА;ДА
063/6;Հեղուկ օճառ խնձոր/հրաշք 5լ;26;1;;ДА
486;Segafredo Կապսուլաին սուրճ Supremo, 100% Arabica (10 պատիճ);;1;ДА;ДА
492;Segafredo Հատիկավոր սուրճ Intermezzo 0,5կգ;;1;ДА;ДА
498;Ալյուր ՈՍԿԵ ՀԱՍԿ 1կգ;;1;ДА;ДА
508;Բրինձ Թաիլանդական ՈՍԿԵ ՀԱՍԿ 800 գր;;1;ДА;ДА
430;"Կրեկեր քաղցր ""Կենդանիների աշխարհում"" 250գ.";040;1;ДА;ДА
431;Կրեկեր քառակուսի 250գ;040;1;ДА;ДА
16982;Ավել գոգաթիակ սանրով 25սմ;;1;ДА;ДА
153;Բլոկնոտ Fis/Libra A4 կապույտ տողանի;035;1;ДА;ДА
319;ԼԵԴ լուսատու 36w առաստաղի 60*60;033;1;ДА;ДА
063/8;Հեղուկ օճառ հրաշք 5լ ելակ;;1;;ДА
056;Frosch  Ապակի մաքրող միջոց 500մլ;25;1;;ДА
071;Բախիլ մեկանգամյա օգտագործման կապույտ/100հատ;26;1;ДА;ДА
062;Հեղուկ օճառ լիմոն Միստր Ջին 5լ;26;1;;ДА
062/2;Հեղուկ օճառ խնձոր/ Միստր Ջին  5լ;26;1;;ДА
437;Կրեկեր Հացիկ քունջութով և կտավատով 100գ;040;1;ДА;ДА
438;Կրեկեր Հացիկ սոխով և թթվասերով 100գ;040;1;ДА;ДА
504;Սպագետտի ՈՍԿԵ ՀԱՍԿ 800 գր;;1;ДА;ДА
487;Segafredo  Կապսուլաին սուրճ Classico (10 պատիճ);;1;ДА;ДА
511;Ոսպ ՈՍԿԵ ՀԱՍԿ 800 գր;;1;ДА;ДА
16368;Սանհանգույց մաքրող միջոց Domestos Ultra White 1000 մլ;;1;;ДА
16568;Դանակ գրասենյակ 18մմ-1;;1;ДА;
16975;Դույլ-քամիչ 15լ;;1;;ДА
502;Կերակրի Սոդա ՈՍԿԵ ՀԱՍԿ 500 գր;;1;ДА;ДА
505;Մակարոնեղեն ՈՍԿԵ ՀԱՍԿ 800 գր;;1;ДА;ДА
512;Հնդկաձավար ՈՍԿԵ ՀԱՍԿ 800 գր;;1;ДА;ДА
419;Արևելյան քաղցրավենիք կիտրոնի համով LORAN 150 գ;040;1;ДА;ДА
421;Թխվածքաբլիթ Մանկիկ 105 գ կարագով;040;1;ДА;ДА
456;Սպասք լվանալու հեղուկ Խնձոր Հրաշք Փայլ 5 լիտր;043;1;;ДА
473;Տոմատի մածուկ TOP SUN 500 գ․;;1;ДА;ДА
412;Թխվածքաբլիթ չամիչով 500 գ;040;1;ДА;ДА
115/2;Թուղթ A4 a1 one 80 գրամ;035;1;ДА;ДА
058/4;Սպասքլվ.հեղուկ լիմոն ջին 5լ;26;1;;ДА
403;Աղի ձողիկ 200գ;040;1;ДА;ДА
423;Թխվածքաբլիթ Արեգակ 140 գ;040;1;ДА;ДА
449;Սպասք լվանալու հեղուկ լիմոն Հրաշք Փայլ 5 լիտր;043;1;;ДА
457;Սպասք լվանալու հեղուկ Խնձոր Պրիմա 5 լիտր;043;1;;ДА
483;Պահածոյացված շամպինիոն թ/տ ամբողջական TOP SUN 850 գ․;;1;ДА;ДА
491;Segafredo Հատիկավոր սուրճ Espresso Casa 0,5կգ;;1;ДА;ДА
